Workbook

Sheet Summary
A1: Crank-slider connecting-rod angular velocity
A4: Comparison | B4: Sensor N | C4: RMSE (360-grid) | D4: PMKS paired N | E4: Unit
A5: Connecting-rod BNO055 | B5: =COUNT('Paired Data'!B6:B152) -> 147 | C5: =SQRT(SUM('Paired Data'!E6:E152)/B5) -> 0.038745172 | D5: =COUNT('Paired Data'!D6:D152) -> 147 | E5: rad/s
A10: Tachometer speed (rpm) | B10: 20
A11: Nominal period (ms) | B11: =60000/B10 -> 3000
A12: Native sample count | B12: =COUNT('Native PMKS'!A6:A366) -> 361
A13: Native intervals | B13: =B12-1 -> 360
A14: Native time step (ms) | B14: =B11/B13 -> 8.3333333
A15: Instructor grid sample count | B15: 360
A16: Instructor grid intervals | B16: =B15-1 -> 359
A17: Instructor time step (ms) | B17: =B11/B16 -> 8.356546
A18: Hall crank phase estimate (deg) | B18: 99.846154
A19: Native initial crank angle (deg) | B19: =DEGREES(ATAN2('Native PMKS'!E6,'Native PMKS'!F6)) -> 90.030077
A20: Phase shift (ms) | B20: =MOD(B18-B19,360)/360*B11 -> 81.800644
A21: First source data row | B21: 1377
A22: Last source data row | B22: 1523
A23: Next Hall event time (ms) | B23: 50724
A24: Selected cycle period (ms) | B24: =B23-'CS Rate'!B6 -> 2944
A25: Selected Hall speed (rpm) | B25: =60000/B24 -> 20.380435
A27: Gyro Z interpreted unit | B27: rad/s

Sheet Paired Data
A1: Extracted sensor and time-matched PMKS data
A5: Source row | B5: Elapsed time (ms) | C5: BNO055 measured (rad/s) | D5: BNO055 PMKS (rad/s) | E5: BNO055 squared error
A6: ='CS Rate'!A6 -> 1377 | B6: ='CS Rate'!C6 -> 0 | C6: ='CS Rate'!K6 -> -0.09 | D6: ='CS Rate'!T6 -> -0.092344517 | E6: =(C6-D6)^2 -> 5.4967592e-06
A7: ='CS Rate'!A7 -> 1378 | B7: ='CS Rate'!C7 -> 20 | C7: ='CS Rate'!K7 -> -0.11 | D7: ='CS Rate'!T7 -> -0.11494442 | E7: =(C7-D7)^2 -> 2.4447336e-05
A8: ='CS Rate'!A8 -> 1379 | B8: ='CS Rate'!C8 -> 40 | C8: ='CS Rate'!K8 -> -0.15 | D8: ='CS Rate'!T8 -> -0.13654428 | E8: =(C8-D8)^2 -> 0.00018105635
A9: ='CS Rate'!A9 -> 1380 | B9: ='CS Rate'!C9 -> 60 | C9: ='CS Rate'!K9 -> -0.17 | D9: ='CS Rate'!T9 -> -0.15814418 | E9: =(C9-D9)^2 -> 0.00014056047
A10: ='CS Rate'!A10 -> 1381 | B10: ='CS Rate'!C10 -> 80 | C10: ='CS Rate'!K10 -> -0.21 | D10: ='CS Rate'!T10 -> -0.17972485 | E10: =(C10-D10)^2 -> 0.00091658463
A11: ='CS Rate'!A11 -> 1382 | B11: ='CS Rate'!C11 -> 100 | C11: ='CS Rate'!K11 -> -0.23 | D11: ='CS Rate'!T11 -> -0.20029785 | E11: =(C11-D11)^2 -> 0.00088221787
A12: ='CS Rate'!A12 -> 1383 | B12: ='CS Rate'!C12 -> 120 | C12: ='CS Rate'!K12 -> -0.26 | D12: ='CS Rate'!T12 -> -0.22073917 | E12: =(C12-D12)^2 -> 0.0015414124
A13: ='CS Rate'!A13 -> 1384 | B13: ='CS Rate'!C13 -> 140 | C13: ='CS Rate'!K13 -> -0.29 | D13: ='CS Rate'!T13 -> -0.24092884 | E13: =(C13-D13)^2 -> 0.0024079786
A14: ='CS Rate'!A14 -> 1385 | B14: ='CS Rate'!C14 -> 160 | C14: ='CS Rate'!K14 -> -0.32 | D14: ='CS Rate'!T14 -> -0.26012858 | E14: =(C14-D14)^2 -> 0.0035845868
A15: ='CS Rate'!A15 -> 1386 | B15: ='CS Rate'!C15 -> 180 | C15: ='CS Rate'!K15 -> -0.32 | D15: ='CS Rate'!T15 -> -0.27932825 | E15: =(C15-D15)^2 -> 0.0016541912
A16: ='CS Rate'!A16 -> 1387 | B16: ='CS Rate'!C16 -> 200 | C16: ='CS Rate'!K16 -> -0.34 | D16: ='CS Rate'!T16 -> -0.29845996 | E16: =(C16-D16)^2 -> 0.0017255747
A17: ='CS Rate'!A17 -> 1388 | B17: ='CS Rate'!C17 -> 220 | C17: ='CS Rate'!K17 -> -0.36 | D17: ='CS Rate'!T17 -> -0.31651281 | E17: =(C17-D17)^2 -> 0.0018911357
... A152: ='CS Rate'!A152 -> 1523 | B152: ='CS Rate'!C152 -> 2924 | C152: ='CS Rate'!K152 -> -0.06 | D152: ='CS Rate'!T152 -> -0.0069593489 | E152: =(C152-D152)^2 -> 0.0028133107

Sheet Raw Data
A1: Raw Data
A5: source_row | B5: Time [ms] | C5: Hall State | D5: RPM | E5: Yaw [deg] | F5: Gyro Z [deg/s] | G5: Acceleration Z [m/s^2] | H5: Slider Distance [mm]
A6: 2 | B6: 20228 | C6: 1 | D6: 0 | E6: -174.88 | F6: 0 | G6: 0.04 | H6: 26
A7: 3 | B7: 20248 | C7: 1 | D7: 0 | E7: -174.88 | F7: 0 | G7: 0.08 | H7: 26
A8: 4 | B8: 20268 | C8: 1 | D8: 0 | E8: -174.88 | F8: 0 | G8: 0.06 | H8: 26
A9: 5 | B9: 20288 | C9: 1 | D9: 0 | E9: -174.88 | F9: 0 | G9: 0.07 | H9: 25
A10: 6 | B10: 20308 | C10: 1 | D10: 0 | E10: -174.88 | F10: 0 | G10: 0.05 | H10: 25
A11: 7 | B11: 20328 | C11: 1 | D11: 0 | E11: -174.88 | F11: 0 | G11: 0.02 | H11: 24
A12: 8 | B12: 20348 | C12: 1 | D12: 0 | E12: -174.88 | F12: 0 | G12: 0.1 | H12: 24
A13: 9 | B13: 20368 | C13: 1 | D13: 0 | E13: -174.88 | F13: 0 | G13: -0.02 | H13: 24
A14: 10 | B14: 20388 | C14: 1 | D14: 0 | E14: -174.88 | F14: 0 | G14: 0.07 | H14: 26
A15: 11 | B15: 20408 | C15: 1 | D15: 0 | E15: -174.88 | F15: 0 | G15: 0.05 | H15: 26
A16: 12 | B16: 20428 | C16: 1 | D16: 0 | E16: -174.88 | F16: 0 | G16: 0.03 | H16: 27
A17: 13 | B17: 20448 | C17: 1 | D17: 0 | E17: -174.88 | F17: 0 | G17: 0 | H17: 27
... A2882: 2878 | B2882: 77852 | C2882: 1 | D2882: 0 | E2882: -103.69 | F2882: 0 | G2882: 0.01 | H2882: 17

Sheet Native PMKS
A1: Native PMKS exports and calculated coordinates
A5: Step | B5: Exported time (s) | C5: Calculated time (ms) | D5: CB rate (deg/s) | E5: B x (cm) | F5: B y (cm) | G5: Time difference (ms)
A6: 0 | B6: 0 | C6: =TimeStep!B6 -> 0 | D6: 0 | E6: -0.002 | F6: 3.81 | G6: =C6-B6*1000 -> 0
A7: 1 | B7: 0.0083333333 | C7: =TimeStep!B7 -> 8.3333333 | D7: -0.573 | E7: -0.068 | F7: 3.809 | G7: =C7-B7*1000 -> 0
A8: 2 | B8: 0.016666667 | C8: =TimeStep!B8 -> 16.666667 | D8: -1.0886 | E8: -0.135 | F8: 3.808 | G8: =C8-B8*1000 -> 0
A9: 3 | B9: 0.025 | C9: =TimeStep!B9 -> 25 | D9: -1.6616 | E9: -0.201 | F9: 3.805 | G9: =C9-B9*1000 -> 0
A10: 4 | B10: 0.033333333 | C10: =TimeStep!B10 -> 33.333333 | D10: -2.1772 | E10: -0.268 | F10: 3.801 | G10: =C10-B10*1000 -> 0
A11: 5 | B11: 0.041666667 | C11: =TimeStep!B11 -> 41.666667 | D11: -2.6929 | E11: -0.334 | F11: 3.795 | G11: =C11-B11*1000 -> 0
A12: 6 | B12: 0.05 | C12: =TimeStep!B12 -> 50 | D12: -3.2659 | E12: -0.4 | F12: 3.789 | G12: =C12-B12*1000 -> 0
A13: 7 | B13: 0.058333333 | C13: =TimeStep!B13 -> 58.333333 | D13: -3.7815 | E13: -0.466 | F13: 3.781 | G13: =C13-B13*1000 -> 0
A14: 8 | B14: 0.066666667 | C14: =TimeStep!B14 -> 66.666667 | D14: -4.3545 | E14: -0.532 | F14: 3.773 | G14: =C14-B14*1000 -> 0
A15: 9 | B15: 0.075 | C15: =TimeStep!B15 -> 75 | D15: -4.8701 | E15: -0.598 | F15: 3.763 | G15: =C15-B15*1000 -> 0
A16: 10 | B16: 0.083333333 | C16: =TimeStep!B16 -> 83.333333 | D16: -5.3858 | E16: -0.664 | F16: 3.752 | G16: =C16-B16*1000 -> 0
A17: 11 | B17: 0.091666667 | C17: =TimeStep!B17 -> 91.666667 | D17: -5.9015 | E17: -0.729 | F17: 3.74 | G17: =C17-B17*1000 -> 0
... A366: 360 | B366: 3 | C366: =TimeStep!B366 -> 3000 | D366: -0.0573 | E366: -0.004 | F366: 3.81 | G366: =C366-B366*1000 -> 8.1854523e-12

Sheet TimeStep
A1: Time-step calculation
A5: Native step | B5: Calculated time (ms) | C5: Exported time (ms) | D5: Difference (ms) | F5: 360-grid step | G5: 360-grid time (ms)
A6: 0 | B6: =A6*Summary!$B$14 -> 0 | C6: ='Native PMKS'!B6*1000 -> 0 | D6: =B6-C6 -> 0 | F6: 0 | G6: =F6*Summary!$B$17 -> 0
A7: 1 | B7: =A7*Summary!$B$14 -> 8.3333333 | C7: ='Native PMKS'!B7*1000 -> 8.3333333 | D7: =B7-C7 -> 0 | F7: 1 | G7: =F7*Summary!$B$17 -> 8.356546
A8: 2 | B8: =A8*Summary!$B$14 -> 16.666667 | C8: ='Native PMKS'!B8*1000 -> 16.666667 | D8: =B8-C8 -> 0 | F8: 2 | G8: =F8*Summary!$B$17 -> 16.713092
A9: 3 | B9: =A9*Summary!$B$14 -> 25 | C9: ='Native PMKS'!B9*1000 -> 25 | D9: =B9-C9 -> 0 | F9: 3 | G9: =F9*Summary!$B$17 -> 25.069638
A10: 4 | B10: =A10*Summary!$B$14 -> 33.333333 | C10: ='Native PMKS'!B10*1000 -> 33.333333 | D10: =B10-C10 -> 0 | F10: 4 | G10: =F10*Summary!$B$17 -> 33.426184
A11: 5 | B11: =A11*Summary!$B$14 -> 41.666667 | C11: ='Native PMKS'!B11*1000 -> 41.666667 | D11: =B11-C11 -> 0 | F11: 5 | G11: =F11*Summary!$B$17 -> 41.78273
A12: 6 | B12: =A12*Summary!$B$14 -> 50 | C12: ='Native PMKS'!B12*1000 -> 50 | D12: =B12-C12 -> 0 | F12: 6 | G12: =F12*Summary!$B$17 -> 50.139276
A13: 7 | B13: =A13*Summary!$B$14 -> 58.333333 | C13: ='Native PMKS'!B13*1000 -> 58.333333 | D13: =B13-C13 -> 0 | F13: 7 | G13: =F13*Summary!$B$17 -> 58.495822
A14: 8 | B14: =A14*Summary!$B$14 -> 66.666667 | C14: ='Native PMKS'!B14*1000 -> 66.666667 | D14: =B14-C14 -> 0 | F14: 8 | G14: =F14*Summary!$B$17 -> 66.852368
A15: 9 | B15: =A15*Summary!$B$14 -> 75 | C15: ='Native PMKS'!B15*1000 -> 75 | D15: =B15-C15 -> 0 | F15: 9 | G15: =F15*Summary!$B$17 -> 75.208914
A16: 10 | B16: =A16*Summary!$B$14 -> 83.333333 | C16: ='Native PMKS'!B16*1000 -> 83.333333 | D16: =B16-C16 -> 0 | F16: 10 | G16: =F16*Summary!$B$17 -> 83.56546
A17: 11 | B17: =A17*Summary!$B$14 -> 91.666667 | C17: ='Native PMKS'!B17*1000 -> 91.666667 | D17: =B17-C17 -> 0 | F17: 11 | G17: =F17*Summary!$B$17 -> 91.922006
... A365: 359 | B365: =A365*Summary!$B$14 -> 2991.6667 | C365: ='Native PMKS'!B365*1000 -> 2991.6667 | D365: =B365-C365 -> 8.1854523e-12 | F365: 359 | G365: =F365*Summary!$B$17 -> 3000
A366: 360 | B366: =A366*Summary!$B$14 -> 3000 | C366: ='Native PMKS'!B366*1000 -> 3000 | D366: =B366-C366 -> 8.1854523e-12

Sheet Instructor 360
A1: Instructor 360-point grid
A5: Step | B5: Time (ms) | C5: Native lower row | D5: Native upper row | E5: Weight | F5: CB rate (deg/s)
A6: 0 | B6: =TimeStep!G6 -> 0 | C6: =MIN(MATCH(B6,'Native PMKS'!$C$6:$C$366,1),360) -> 1 | D6: =C6+1 -> 2 | E6: =(B6-INDEX('Native PMKS'!$C$6:$C$366,C6))/(INDEX('Native PMKS'!$C$6:$C$366,D6)-INDEX('Native PMKS'!$C$6:$C$366,C6)) -> 0 | F6: =INDEX('Native PMKS'!$D$6:$D$366,C6)+(INDEX('Native PMKS'!$D$6:$D$366,D6)-INDEX('Native PMKS'!$D$6:$D$366,C6))*E6 -> 0
A7: 1 | B7: =TimeStep!G7 -> 8.356546 | C7: =MIN(MATCH(B7,'Native PMKS'!$C$6:$C$366,1),360) -> 2 | D7: =C7+1 -> 3 | E7: =(B7-INDEX('Native PMKS'!$C$6:$C$366,C7))/(INDEX('Native PMKS'!$C$6:$C$366,D7)-INDEX('Native PMKS'!$C$6:$C$366,C7)) -> 0.0027855153 | F7: =INDEX('Native PMKS'!$D$6:$D$366,C7)+(INDEX('Native PMKS'!$D$6:$D$366,D7)-INDEX('Native PMKS'!$D$6:$D$366,C7))*E7 -> -0.57443621
A8: 2 | B8: =TimeStep!G8 -> 16.713092 | C8: =MIN(MATCH(B8,'Native PMKS'!$C$6:$C$366,1),360) -> 3 | D8: =C8+1 -> 4 | E8: =(B8-INDEX('Native PMKS'!$C$6:$C$366,C8))/(INDEX('Native PMKS'!$C$6:$C$366,D8)-INDEX('Native PMKS'!$C$6:$C$366,C8)) -> 0.0055710306 | F8: =INDEX('Native PMKS'!$D$6:$D$366,C8)+(INDEX('Native PMKS'!$D$6:$D$366,D8)-INDEX('Native PMKS'!$D$6:$D$366,C8))*E8 -> -1.0917922
A9: 3 | B9: =TimeStep!G9 -> 25.069638 | C9: =MIN(MATCH(B9,'Native PMKS'!$C$6:$C$366,1),360) -> 4 | D9: =C9+1 -> 5 | E9: =(B9-INDEX('Native PMKS'!$C$6:$C$366,C9))/(INDEX('Native PMKS'!$C$6:$C$366,D9)-INDEX('Native PMKS'!$C$6:$C$366,C9)) -> 0.008356546 | F9: =INDEX('Native PMKS'!$D$6:$D$366,C9)+(INDEX('Native PMKS'!$D$6:$D$366,D9)-INDEX('Native PMKS'!$D$6:$D$366,C9))*E9 -> -1.6659086
A10: 4 | B10: =TimeStep!G10 -> 33.426184 | C10: =MIN(MATCH(B10,'Native PMKS'!$C$6:$C$366,1),360) -> 5 | D10: =C10+1 -> 6 | E10: =(B10-INDEX('Native PMKS'!$C$6:$C$366,C10))/(INDEX('Native PMKS'!$C$6:$C$366,D10)-INDEX('Native PMKS'!$C$6:$C$366,C10)) -> 0.011142061 | F10: =INDEX('Native PMKS'!$D$6:$D$366,C10)+(INDEX('Native PMKS'!$D$6:$D$366,D10)-INDEX('Native PMKS'!$D$6:$D$366,C10))*E10 -> -2.182946
A11: 5 | B11: =TimeStep!G11 -> 41.78273 | C11: =MIN(MATCH(B11,'Native PMKS'!$C$6:$C$366,1),360) -> 6 | D11: =C11+1 -> 7 | E11: =(B11-INDEX('Native PMKS'!$C$6:$C$366,C11))/(INDEX('Native PMKS'!$C$6:$C$366,D11)-INDEX('Native PMKS'!$C$6:$C$366,C11)) -> 0.013927577 | F11: =INDEX('Native PMKS'!$D$6:$D$366,C11)+(INDEX('Native PMKS'!$D$6:$D$366,D11)-INDEX('Native PMKS'!$D$6:$D$366,C11))*E11 -> -2.7008805
A12: 6 | B12: =TimeStep!G12 -> 50.139276 | C12: =MIN(MATCH(B12,'Native PMKS'!$C$6:$C$366,1),360) -> 7 | D12: =C12+1 -> 8 | E12: =(B12-INDEX('Native PMKS'!$C$6:$C$366,C12))/(INDEX('Native PMKS'!$C$6:$C$366,D12)-INDEX('Native PMKS'!$C$6:$C$366,C12)) -> 0.016713092 | F12: =INDEX('Native PMKS'!$D$6:$D$366,C12)+(INDEX('Native PMKS'!$D$6:$D$366,D12)-INDEX('Native PMKS'!$D$6:$D$366,C12))*E12 -> -3.2745173
A13: 7 | B13: =TimeStep!G13 -> 58.495822 | C13: =MIN(MATCH(B13,'Native PMKS'!$C$6:$C$366,1),360) -> 8 | D13: =C13+1 -> 9 | E13: =(B13-INDEX('Native PMKS'!$C$6:$C$366,C13))/(INDEX('Native PMKS'!$C$6:$C$366,D13)-INDEX('Native PMKS'!$C$6:$C$366,C13)) -> 0.019498607 | F13: =INDEX('Native PMKS'!$D$6:$D$366,C13)+(INDEX('Native PMKS'!$D$6:$D$366,D13)-INDEX('Native PMKS'!$D$6:$D$366,C13))*E13 -> -3.7926727
A14: 8 | B14: =TimeStep!G14 -> 66.852368 | C14: =MIN(MATCH(B14,'Native PMKS'!$C$6:$C$366,1),360) -> 9 | D14: =C14+1 -> 10 | E14: =(B14-INDEX('Native PMKS'!$C$6:$C$366,C14))/(INDEX('Native PMKS'!$C$6:$C$366,D14)-INDEX('Native PMKS'!$C$6:$C$366,C14)) -> 0.022284123 | F14: =INDEX('Native PMKS'!$D$6:$D$366,C14)+(INDEX('Native PMKS'!$D$6:$D$366,D14)-INDEX('Native PMKS'!$D$6:$D$366,C14))*E14 -> -4.3659897
A15: 9 | B15: =TimeStep!G15 -> 75.208914 | C15: =MIN(MATCH(B15,'Native PMKS'!$C$6:$C$366,1),360) -> 10 | D15: =C15+1 -> 11 | E15: =(B15-INDEX('Native PMKS'!$C$6:$C$366,C15))/(INDEX('Native PMKS'!$C$6:$C$366,D15)-INDEX('Native PMKS'!$C$6:$C$366,C15)) -> 0.025069638 | F15: =INDEX('Native PMKS'!$D$6:$D$366,C15)+(INDEX('Native PMKS'!$D$6:$D$366,D15)-INDEX('Native PMKS'!$D$6:$D$366,C15))*E15 -> -4.8830284
A16: 10 | B16: =TimeStep!G16 -> 83.56546 | C16: =MIN(MATCH(B16,'Native PMKS'!$C$6:$C$366,1),360) -> 11 | D16: =C16+1 -> 12 | E16: =(B16-INDEX('Native PMKS'!$C$6:$C$366,C16))/(INDEX('Native PMKS'!$C$6:$C$366,D16)-INDEX('Native PMKS'!$C$6:$C$366,C16)) -> 0.027855153 | F16: =INDEX('Native PMKS'!$D$6:$D$366,C16)+(INDEX('Native PMKS'!$D$6:$D$366,D16)-INDEX('Native PMKS'!$D$6:$D$366,C16))*E16 -> -5.4001649
A17: 11 | B17: =TimeStep!G17 -> 91.922006 | C17: =MIN(MATCH(B17,'Native PMKS'!$C$6:$C$366,1),360) -> 12 | D17: =C17+1 -> 13 | E17: =(B17-INDEX('Native PMKS'!$C$6:$C$366,C17))/(INDEX('Native PMKS'!$C$6:$C$366,D17)-INDEX('Native PMKS'!$C$6:$C$366,C17)) -> 0.030640669 | F17: =INDEX('Native PMKS'!$D$6:$D$366,C17)+(INDEX('Native PMKS'!$D$6:$D$366,D17)-INDEX('Native PMKS'!$D$6:$D$366,C17))*E17 -> -5.919054
... A365: 359 | B365: =TimeStep!G365 -> 3000 | C365: =MIN(MATCH(B365,'Native PMKS'!$C$6:$C$366,1),360) -> 360 | D365: =C365+1 -> 361 | E365: =(B365-INDEX('Native PMKS'!$C$6:$C$366,C365))/(INDEX('Native PMKS'!$C$6:$C$366,D365)-INDEX('Native PMKS'!$C$6:$C$366,C365)) -> 1 | F365: =INDEX('Native PMKS'!$D$6:$D$366,C365)+(INDEX('Native PMKS'!$D$6:$D$366,D365)-INDEX('Native PMKS'!$D$6:$D$366,C365))*E365 -> -0.0573

Sheet CS Rate
A1: Connecting-rod BNO055
A5: Source row | B5: Raw time (ms) | C5: Elapsed time (ms) | D5: PMKS query (ms) | E5: X1 (ms) | F5: X2 (ms) | G5: Y1 | H5: Y2 | I5: Interpolated native | J5: Raw sensor | K5: Gyro Z (rad/s interpreted) | L5: PMKS native | M5: Residual | N5: Squared error | O5: 360 X1 (ms) | P5: 360 X2 (ms) | Q5: 360 Y1 | R5: 360 Y2 | S5: Interpolated 360 | T5: PMKS rate (rad/s) | U5: Error (rad/s) | W5: Squared error ((rad/s)^2) | AA5: Elapsed time (ms) | AB5: Measured | AC5: PMKS+ 20 rpm
A6: =Summary!B21 -> 1377 | B6: =INDEX('Raw Data'!$B$6:$B$2882,MATCH(A6,'Raw Data'!$A$6:$A$2882,0)) -> 47780 | C6: =B6-$B$6 -> 0 | D6: =MOD(C6+Summary!$B$20,Summary!$B$11) -> 81.800644 | E6: =_xlfn.XLOOKUP(D6,'Native PMKS'!$C$6:$C$366,'Native PMKS'!$C$6:$C$366,,-1) -> 75 | F6: =_xlfn.XLOOKUP(D6,'Native PMKS'!$C$6:$C$366,'Native PMKS'!$C$6:$C$366,,1) -> 83.333333 | G6: =_xlfn.XLOOKUP(D6,'Native PMKS'!$C$6:$C$366,'Native PMKS'!$D$6:$D$366,,-1) -> -4.8701 | H6: =_xlfn.XLOOKUP(D6,'Native PMKS'!$C$6:$C$366,'Native PMKS'!$D$6:$D$366,,1) -> -5.3858 | I6: =IF(E6=F6,G6,_xlfn.FORECAST.LINEAR(D6,G6:H6,E6:F6)) -> -5.2909511 | J6: =INDEX('Raw Data'!$F$6:$F$2882,MATCH(A6,'Raw Data'!$A$6:$A$2882,0)) -> -0.09 | K6: =J6 -> -0.09 | L6: =I6*PI()/180 -> -0.092344517 | M6: =K6-L6 -> 0.0023445168 | N6: =M6^2 -> 5.4967592e-06 | O6: =_xlfn.XLOOKUP(D6,'Instructor 360'!$B$6:$B$365,'Instructor 360'!$B$6:$B$365,,-1) -> 75.208914 | P6: =_xlfn.XLOOKUP(D6,'Instructor 360'!$B$6:$B$365,'Instructor 360'!$B$6:$B$365,,1) -> 83.56546 | Q6: =_xlfn.XLOOKUP(D6,'Instructor 360'!$B$6:$B$365,'Instructor 360'!$F$6:$F$365,,-1) -> -4.8830284 | R6: =_xlfn.XLOOKUP(D6,'Instructor 360'!$B$6:$B$365,'Instructor 360'!$F$6:$F$365,,1) -> -5.4001649 | S6: =IF(O6=P6,Q6,_xlfn.FORECAST.LINEAR(D6,Q6:R6,O6:P6)) -> -5.2909511 | T6: =S6*PI()/180 -> -0.092344517 | U6: =K6-T6 -> 0.0023445168 | W6: =U6^2 -> 5.4967592e-06 | AA6: =C6 -> 0 | AB6: =K6 -> -0.09 | AC6: =T6 -> -0.092344517
A7: =A6+1 -> 1378 | B7: =INDEX('Raw Data'!$B$6:$B$2882,MATCH(A7,'Raw Data'!$A$6:$A$2882,0)) -> 47800 | C7: =B7-$B$6 -> 20 | D7: =MOD(C7+Summary!$B$20,Summary!$B$11) -> 101.80064 | E7: =_xlfn.XLOOKUP(D7,'Native PMKS'!$C$6:$C$366,'Native PMKS'!$C$6:$C$366,,-1) -> 100 | F7: =_xlfn.XLOOKUP(D7,'Native PMKS'!$C$6:$C$366,'Native PMKS'!$C$6:$C$366,,1) -> 108.33333 | G7: =_xlfn.XLOOKUP(D7,'Native PMKS'!$C$6:$C$366,'Native PMKS'!$D$6:$D$366,,-1) -> -6.4744 | H7: =_xlfn.XLOOKUP(D7,'Native PMKS'!$C$6:$C$366,'Native PMKS'!$D$6:$D$366,,1) -> -6.9901 | I7: =IF(E7=F7,G7,_xlfn.FORECAST.LINEAR(D7,G7:H7,E7:F7)) -> -6.5858311 | J7: =INDEX('Raw Data'!$F$6:$F$2882,MATCH(A7,'Raw Data'!$A$6:$A$2882,0)) -> -0.11 | K7: =J7 -> -0.11 | L7: =I7*PI()/180 -> -0.11494444 | M7: =K7-L7 -> 0.0049444363 | N7: =M7^2 -> 2.444745e-05 | O7: =_xlfn.XLOOKUP(D7,'Instructor 360'!$B$6:$B$365,'Instructor 360'!$B$6:$B$365,,-1) -> 100.27855 | P7: =_xlfn.XLOOKUP(D7,'Instructor 360'!$B$6:$B$365,'Instructor 360'!$B$6:$B$365,,1) -> 108.6351 | Q7: =_xlfn.XLOOKUP(D7,'Instructor 360'!$B$6:$B$365,'Instructor 360'!$F$6:$F$365,,-1) -> -6.4916379 | R7: =_xlfn.XLOOKUP(D7,'Instructor 360'!$B$6:$B$365,'Instructor 360'!$F$6:$F$365,,1) -> -7.0087708 | S7: =IF(O7=P7,Q7,_xlfn.FORECAST.LINEAR(D7,Q7:R7,O7:P7)) -> -6.5858304 | T7: =S7*PI()/180 -> -0.11494442 | U7: =K7-T7 -> 0.0049444247 | W7: =U7^2 -> 2.4447336e-05 | AA7: =C7 -> 20 | AB7: =K7 -> -0.11 | AC7: =T7 -> -0.11494442
A8: =A7+1 -> 1379 | B8: =INDEX('Raw Data'!$B$6:$B$2882,MATCH(A8,'Raw Data'!$A$6:$A$2882,0)) -> 47820 | C8: =B8-$B$6 -> 40 | D8: =MOD(C8+Summary!$B$20,Summary!$B$11) -> 121.80064 | E8: =_xlfn.XLOOKUP(D8,'Native PMKS'!$C$6:$C$366,'Native PMKS'!$C$6:$C$366,,-1) -> 116.66667 | F8: =_xlfn.XLOOKUP(D8,'Native PMKS'!$C$6:$C$366,'Native PMKS'!$C$6:$C$366,,1) -> 125 | G8: =_xlfn.XLOOKUP(D8,'Native PMKS'!$C$6:$C$366,'Native PMKS'!$D$6:$D$366,,-1) -> -7.5057 | H8: =_xlfn.XLOOKUP(D8,'Native PMKS'!$C$6:$C$366,'Native PMKS'!$D$6:$D$366,,1) -> -8.0214 | I8: =IF(E8=F8,G8,_xlfn.FORECAST.LINEAR(D8,G8:H8,E8:F8)) -> -7.8234111 | J8: =INDEX('Raw Data'!$F$6:$F$2882,MATCH(A8,'Raw Data'!$A$6:$A$2882,0)) -> -0.15 | K8: =J8 -> -0.15 | L8: =I8*PI()/180 -> -0.13654428 | M8: =K8-L8 -> -0.013455718 | N8: =M8^2 -> 0.00018105635 | O8: =_xlfn.XLOOKUP(D8,'Instructor 360'!$B$6:$B$365,'Instructor 360'!$B$6:$B$365,,-1) -> 116.99164 | P8: =_xlfn.XLOOKUP(D8,'Instructor 360'!$B$6:$B$365,'Instructor 360'!$B$6:$B$365,,1) -> 125.34819 | Q8: =_xlfn.XLOOKUP(D8,'Instructor 360'!$B$6:$B$365,'Instructor 360'!$F$6:$F$365,,-1) -> -7.5258109 | R8: =_xlfn.XLOOKUP(D8,'Instructor 360'!$B$6:$B$365,'Instructor 360'!$F$6:$F$365,,1) -> -8.0429474 | S8: =IF(O8=P8,Q8,_xlfn.FORECAST.LINEAR(D8,Q8:R8,O8:P8)) -> -7.8234111 | T8: =S8*PI()/180 -> -0.13654428 | U8: =K8-T8 -> -0.013455718 | W8: =U8^2 -> 0.00018105635 | AA8: =C8 -> 40 | AB8: =K8 -> -0.15 | AC8: =T8 -> -0.13654428
A9: =A8+1 -> 1380 | B9: =INDEX('Raw Data'!$B$6:$B$2882,MATCH(A9,'Raw Data'!$A$6:$A$2882,0)) -> 47840 | C9: =B9-$B$6 -> 60 | D9: =MOD(C9+Summary!$B$20,Summary!$B$11) -> 141.80064 | E9: =_xlfn.XLOOKUP(D9,'Native PMKS'!$C$6:$C$366,'Native PMKS'!$C$6:$C$366,,-1) -> 141.66667 | F9: =_xlfn.XLOOKUP(D9,'Native PMKS'!$C$6:$C$366,'Native PMKS'!$C$6:$C$366,,1) -> 150 | G9: =_xlfn.XLOOKUP(D9,'Native PMKS'!$C$6:$C$366,'Native PMKS'!$D$6:$D$366,,-1) -> -9.0527 | H9: =_xlfn.XLOOKUP(D9,'Native PMKS'!$C$6:$C$366,'Native PMKS'!$D$6:$D$366,,1) -> -9.5684 | I9: =IF(E9=F9,G9,_xlfn.FORECAST.LINEAR(D9,G9:H9,E9:F9)) -> -9.0609911 | J9: =INDEX('Raw Data'!$F$6:$F$2882,MATCH(A9,'Raw Data'!$A$6:$A$2882,0)) -> -0.17 | K9: =J9 -> -0.17 | L9: =I9*PI()/180 -> -0.15814413 | M9: =K9-L9 -> -0.011855872 | N9: =M9^2 -> 0.00014056171 | O9: =_xlfn.XLOOKUP(D9,'Instructor 360'!$B$6:$B$365,'Instructor 360'!$B$6:$B$365,,-1) -> 133.70474 | P9: =_xlfn.XLOOKUP(D9,'Instructor 360'!$B$6:$B$365,'Instructor 360'!$B$6:$B$365,,1) -> 142.06128 | Q9: =_xlfn.XLOOKUP(D9,'Instructor 360'!$B$6:$B$365,'Instructor 360'!$F$6:$F$365,,-1) -> -8.5600794 | R9: =_xlfn.XLOOKUP(D9,'Instructor 360'!$B$6:$B$365,'Instructor 360'!$F$6:$F$365,,1) -> -9.0771203 | S9: =IF(O9=P9,Q9,_xlfn.FORECAST.LINEAR(D9,Q9:R9,O9:P9)) -> -9.0609941 | T9: =S9*PI()/180 -> -0.15814418 | U9: =K9-T9 -> -0.01185582 | W9: =U9^2 -> 0.00014056047 | AA9: =C9 -> 60 | AB9: =K9 -> -0.17 | AC9: =T9 -> -0.15814418
A10: =A9+1 -> 1381 | B10: =INDEX('Raw Data'!$B$6:$B$2882,MATCH(A10,'Raw Data'!$A$6:$A$2882,0)) -> 47860 | C10: =B10-$B$6 -> 80 | D10: =MOD(C10+Summary!$B$20,Summary!$B$11) -> 161.80064 | E10: =_xlfn.XLOOKUP(D10,'Native PMKS'!$C$6:$C$366,'Native PMKS'!$C$6:$C$366,,-1) -> 158.33333 | F10: =_xlfn.XLOOKUP(D10,'Native PMKS'!$C$6:$C$366,'Native PMKS'!$C$6:$C$366,,1) -> 166.66667 | G10: =_xlfn.XLOOKUP(D10,'Native PMKS'!$C$6:$C$366,'Native PMKS'!$D$6:$D$366,,-1) -> -10.0841 | H10: =_xlfn.XLOOKUP(D10,'Native PMKS'!$C$6:$C$366,'Native PMKS'!$D$6:$D$366,,1) -> -10.5997 | I10: =IF(E10=F10,G10,_xlfn.FORECAST.LINEAR(D10,G10:H10,E10:F10)) -> -10.298629 | J10: =INDEX('Raw Data'!$F$6:$F$2882,MATCH(A10,'Raw Data'!$A$6:$A$2882,0)) -> -0.21 | K10: =J10 -> -0.21 | L10: =I10*PI()/180 -> -0.17974499 | M10: =K10-L10 -> -0.030255007 | N10: =M10^2 -> 0.00091536547 | O10: =_xlfn.XLOOKUP(D10,'Instructor 360'!$B$6:$B$365,'Instructor 360'!$B$6:$B$365,,-1) -> 158.77437 | P10: =_xlfn.XLOOKUP(D10,'Instructor 360'!$B$6:$B$365,'Instructor 360'!$B$6:$B$365,,1) -> 167.13092 | Q10: =_xlfn.XLOOKUP(D10,'Instructor 360'!$B$6:$B$365,'Instructor 360'!$F$6:$F$365,,-1) -> -10.111388 | R10: =_xlfn.XLOOKUP(D10,'Instructor 360'!$B$6:$B$365,'Instructor 360'!$F$6:$F$365,,1) -> -10.625238 | S10: =IF(O10=P10,Q10,_xlfn.FORECAST.LINEAR(D10,Q10:R10,O10:P10)) -> -10.297475 | T10: =S10*PI()/180 -> -0.17972485 | U10: =K10-T10 -> -0.030275149 | W10: =U10^2 -> 0.00091658463 | AA10: =C10 -> 80 | AB10: =K10 -> -0.21 | AC10: =T10 -> -0.17972485
A11: =A10+1 -> 1382 | B11: =INDEX('Raw Data'!$B$6:$B$2882,MATCH(A11,'Raw Data'!$A$6:$A$2882,0)) -> 47880 | C11: =B11-$B$6 -> 100 | D11: =MOD(C11+Summary!$B$20,Summary!$B$11) -> 181.80064 | E11: =_xlfn.XLOOKUP(D11,'Native PMKS'!$C$6:$C$366,'Native PMKS'!$C$6:$C$366,,-1) -> 175 | F11: =_xlfn.XLOOKUP(D11,'Native PMKS'!$C$6:$C$366,'Native PMKS'!$C$6:$C$366,,1) -> 183.33333 | G11: =_xlfn.XLOOKUP(D11,'Native PMKS'!$C$6:$C$366,'Native PMKS'!$D$6:$D$366,,-1) -> -11.0581 | H11: =_xlfn.XLOOKUP(D11,'Native PMKS'!$C$6:$C$366,'Native PMKS'!$D$6:$D$366,,1) -> -11.5737 | I11: =IF(E11=F11,G11,_xlfn.FORECAST.LINEAR(D11,G11:H11,E11:F11)) -> -11.478869 | J11: =INDEX('Raw Data'!$F$6:$F$2882,MATCH(A11,'Raw Data'!$A$6:$A$2882,0)) -> -0.23 | K11: =J11 -> -0.23 | L11: =I11*PI()/180 -> -0.20034407 | M11: =K11-L11 -> -0.029655933 | N11: =M11^2 -> 0.00087947438 | O11: =_xlfn.XLOOKUP(D11,'Instructor 360'!$B$6:$B$365,'Instructor 360'!$B$6:$B$365,,-1) -> 175.48747 | P11: =_xlfn.XLOOKUP(D11,'Instructor 360'!$B$6:$B$365,'Instructor 360'!$B$6:$B$365,,1) -> 183.84401 | Q11: =_xlfn.XLOOKUP(D11,'Instructor 360'!$B$6:$B$365,'Instructor 360'!$F$6:$F$365,,-1) -> -11.08826 | R11: =_xlfn.XLOOKUP(D11,'Instructor 360'!$B$6:$B$365,'Instructor 360'!$F$6:$F$365,,1) -> -11.601791 | S11: =IF(O11=P11,Q11,_xlfn.FORECAST.LINEAR(D11,Q11:R11,O11:P11)) -> -11.476221 | T11: =S11*PI()/180 -> -0.20029785 | U11: =K11-T11 -> -0.029702153 | W11: =U11^2 -> 0.00088221787 | AA11: =C11 -> 100 | AB11: =K11 -> -0.23 | AC11: =T11 -> -0.20029785
A12: =A11+1 -> 1383 | B12: =INDEX('Raw Data'!$B$6:$B$2882,MATCH(A12,'Raw Data'!$A$6:$A$2882,0)) -> 47900 | C12: =B12-$B$6 -> 120 | D12: =MOD(C12+Summary!$B$20,Summary!$B$11) -> 201.80064 | E12: =_xlfn.XLOOKUP(D12,'Native PMKS'!$C$6:$C$366,'Native PMKS'!$C$6:$C$366,,-1) -> 200 | F12: =_xlfn.XLOOKUP(D12,'Native PMKS'!$C$6:$C$366,'Native PMKS'!$C$6:$C$366,,1) -> 208.33333 | G12: =_xlfn.XLOOKUP(D12,'Native PMKS'!$C$6:$C$366,'Native PMKS'!$D$6:$D$366,,-1) -> -12.5478 | H12: =_xlfn.XLOOKUP(D12,'Native PMKS'!$C$6:$C$366,'Native PMKS'!$D$6:$D$366,,1) -> -13.0061 | I12: =IF(E12=F12,G12,_xlfn.FORECAST.LINEAR(D12,G12:H12,E12:F12)) -> -12.646828 | J12: =INDEX('Raw Data'!$F$6:$F$2882,MATCH(A12,'Raw Data'!$A$6:$A$2882,0)) -> -0.26 | K12: =J12 -> -0.26 | L12: =I12*PI()/180 -> -0.22072879 | M12: =K12-L12 -> -0.039271207 | N12: =M12^2 -> 0.0015422277 | O12: =_xlfn.XLOOKUP(D12,'Instructor 360'!$B$6:$B$365,'Instructor 360'!$B$6:$B$365,,-1) -> 200.5571 | P12: =_xlfn.XLOOKUP(D12,'Instructor 360'!$B$6:$B$365,'Instructor 360'!$B$6:$B$365,,1) -> 208.91365 | Q12: =_xlfn.XLOOKUP(D12,'Instructor 360'!$B$6:$B$365,'Instructor 360'!$F$6:$F$365,,-1) -> -12.578438 | R12: =_xlfn.XLOOKUP(D12,'Instructor 360'!$B$6:$B$365,'Instructor 360'!$F$6:$F$365,,1) -> -13.042012 | S12: =IF(O12=P12,Q12,_xlfn.FORECAST.LINEAR(D12,Q12:R12,O12:P12)) -> -12.647423 | T12: =S12*PI()/180 -> -0.22073917 | U12: =K12-T12 -> -0.039260826 | W12: =U12^2 -> 0.0015414124 | AA12: =C12 -> 120 | AB12: =K12 -> -0.26 | AC12: =T12 -> -0.22073917
A13: =A12+1 -> 1384 | B13: =INDEX('Raw Data'!$B$6:$B$2882,MATCH(A13,'Raw Data'!$A$6:$A$2882,0)) -> 47920 | C13: =B13-$B$6 -> 140 | D13: =MOD(C13+Summary!$B$20,Summary!$B$11) -> 221.80064 | E13: =_xlfn.XLOOKUP(D13,'Native PMKS'!$C$6:$C$366,'Native PMKS'!$C$6:$C$366,,-1) -> 216.66667 | F13: =_xlfn.XLOOKUP(D13,'Native PMKS'!$C$6:$C$366,'Native PMKS'!$C$6:$C$366,,1) -> 225 | G13: =_xlfn.XLOOKUP(D13,'Native PMKS'!$C$6:$C$366,'Native PMKS'!$D$6:$D$366,,-1) -> -13.5218 | H13: =_xlfn.XLOOKUP(D13,'Native PMKS'!$C$6:$C$366,'Native PMKS'!$D$6:$D$366,,1) -> -13.9802 | I13: =IF(E13=F13,G13,_xlfn.FORECAST.LINEAR(D13,G13:H13,E13:F13)) -> -13.80421 | J13: =INDEX('Raw Data'!$F$6:$F$2882,MATCH(A13,'Raw Data'!$A$6:$A$2882,0)) -> -0.29 | K13: =J13 -> -0.29 | L13: =I13*PI()/180 -> -0.24092891 | M13: =K13-L13 -> -0.049071088 | N13: =M13^2 -> 0.0024079716 | O13: =_xlfn.XLOOKUP(D13,'Instructor 360'!$B$6:$B$365,'Instructor 360'!$B$6:$B$365,,-1) -> 217.27019 | P13: =_xlfn.XLOOKUP(D13,'Instructor 360'!$B$6:$B$365,'Instructor 360'!$B$6:$B$365,,1) -> 225.62674 | Q13: =_xlfn.XLOOKUP(D13,'Instructor 360'!$B$6:$B$365,'Instructor 360'!$F$6:$F$365,,-1) -> -13.554999 | R13: =_xlfn.XLOOKUP(D13,'Instructor 360'!$B$6:$B$365,'Instructor 360'!$F$6:$F$365,,1) -> -14.014668 | S13: =IF(O13=P13,Q13,_xlfn.FORECAST.LINEAR(D13,Q13:R13,O13:P13)) -> -13.804206 | T13: =S13*PI()/180 -> -0.24092884 | U13: =K13-T13 -> -0.049071159 | W13: =U13^2 -> 0.0024079786 | AA13: =C13 -> 140 | AB13: =K13 -> -0.29 | AC13: =T13 -> -0.24092884
A14: =A13+1 -> 1385 | B14: =INDEX('Raw Data'!$B$6:$B$2882,MATCH(A14,'Raw Data'!$A$6:$A$2882,0)) -> 47940 | C14: =B14-$B$6 -> 160 | D14: =MOD(C14+Summary!$B$20,Summary!$B$11) -> 241.80064 | E14: =_xlfn.XLOOKUP(D14,'Native PMKS'!$C$6:$C$366,'Native PMKS'!$C$6:$C$366,,-1) -> 241.66667 | F14: =_xlfn.XLOOKUP(D14,'Native PMKS'!$C$6:$C$366,'Native PMKS'!$C$6:$C$366,,1) -> 250 | G14: =_xlfn.XLOOKUP(D14,'Native PMKS'!$C$6:$C$366,'Native PMKS'!$D$6:$D$366,,-1) -> -14.8969 | H14: =_xlfn.XLOOKUP(D14,'Native PMKS'!$C$6:$C$366,'Native PMKS'!$D$6:$D$366,,1) -> -15.3553 | I14: =IF(E14=F14,G14,_xlfn.FORECAST.LINEAR(D14,G14:H14,E14:F14)) -> -14.90427 | J14: =INDEX('Raw Data'!$F$6:$F$2882,MATCH(A14,'Raw Data'!$A$6:$A$2882,0)) -> -0.32 | K14: =J14 -> -0.32 | L14: =I14*PI()/180 -> -0.26012858 | M14: =K14-L14 -> -0.059871419 | N14: =M14^2 -> 0.0035845868 | O14: =_xlfn.XLOOKUP(D14,'Instructor 360'!$B$6:$B$365,'Instructor 360'!$B$6:$B$365,,-1) -> 233.98329 | P14: =_xlfn.XLOOKUP(D14,'Instructor 360'!$B$6:$B$365,'Instructor 360'!$B$6:$B$365,,1) -> 242.33983 | Q14: =_xlfn.XLOOKUP(D14,'Instructor 360'!$B$6:$B$365,'Instructor 360'!$F$6:$F$365,,-1) -> -14.474253 | R14: =_xlfn.XLOOKUP(D14,'Instructor 360'!$B$6:$B$365,'Instructor 360'!$F$6:$F$365,,1) -> -14.93393 | S14: =IF(O14=P14,Q14,_xlfn.FORECAST.LINEAR(D14,Q14:R14,O14:P14)) -> -14.90427 | T14: =S14*PI()/180 -> -0.26012858 | U14: =K14-T14 -> -0.059871419 | W14: =U14^2 -> 0.0035845868 | AA14: =C14 -> 160 | AB14: =K14 -> -0.32 | AC14: =T14 -> -0.26012858
A15: =A14+1 -> 1386 | B15: =INDEX('Raw Data'!$B$6:$B$2882,MATCH(A15,'Raw Data'!$A$6:$A$2882,0)) -> 47960 | C15: =B15-$B$6 -> 180 | D15: =MOD(C15+Summary!$B$20,Summary!$B$11) -> 261.80064 | E15: =_xlfn.XLOOKUP(D15,'Native PMKS'!$C$6:$C$366,'Native PMKS'!$C$6:$C$366,,-1) -> 258.33333 | F15: =_xlfn.XLOOKUP(D15,'Native PMKS'!$C$6:$C$366,'Native PMKS'!$C$6:$C$366,,1) -> 266.66667 | G15: =_xlfn.XLOOKUP(D15,'Native PMKS'!$C$6:$C$366,'Native PMKS'!$D$6:$D$366,,-1) -> -15.8136 | H15: =_xlfn.XLOOKUP(D15,'Native PMKS'!$C$6:$C$366,'Native PMKS'!$D$6:$D$366,,1) -> -16.272 | I15: =IF(E15=F15,G15,_xlfn.FORECAST.LINEAR(D15,G15:H15,E15:F15)) -> -16.00433 | J15: =INDEX('Raw Data'!$F$6:$F$2882,MATCH(A15,'Raw Data'!$A$6:$A$2882,0)) -> -0.32 | K15: =J15 -> -0.32 | L15: =I15*PI()/180 -> -0.27932825 | M15: =K15-L15 -> -0.04067175 | N15: =M15^2 -> 0.0016541912 | O15: =_xlfn.XLOOKUP(D15,'Instructor 360'!$B$6:$B$365,'Instructor 360'!$B$6:$B$365,,-1) -> 259.05292 | P15: =_xlfn.XLOOKUP(D15,'Instructor 360'!$B$6:$B$365,'Instructor 360'!$B$6:$B$365,,1) -> 267.40947 | Q15: =_xlfn.XLOOKUP(D15,'Instructor 360'!$B$6:$B$365,'Instructor 360'!$F$6:$F$365,,-1) -> -15.853183 | R15: =_xlfn.XLOOKUP(D15,'Instructor 360'!$B$6:$B$365,'Instructor 360'!$F$6:$F$365,,1) -> -16.31286 | S15: =IF(O15=P15,Q15,_xlfn.FORECAST.LINEAR(D15,Q15:R15,O15:P15)) -> -16.00433 | T15: =S15*PI()/180 -> -0.27932825 | U15: =K15-T15 -> -0.04067175 | W15: =U15^2 -> 0.0016541912 | AA15: =C15 -> 180 | AB15: =K15 -> -0.32 | AC15: =T15 -> -0.27932825
A16: =A15+1 -> 1387 | B16: =INDEX('Raw Data'!$B$6:$B$2882,MATCH(A16,'Raw Data'!$A$6:$A$2882,0)) -> 47980 | C16: =B16-$B$6 -> 200 | D16: =MOD(C16+Summary!$B$20,Summary!$B$11) -> 281.80064 | E16: =_xlfn.XLOOKUP(D16,'Native PMKS'!$C$6:$C$366,'Native PMKS'!$C$6:$C$366,,-1) -> 275 | F16: =_xlfn.XLOOKUP(D16,'Native PMKS'!$C$6:$C$366,'Native PMKS'!$C$6:$C$366,,1) -> 283.33333 | G16: =_xlfn.XLOOKUP(D16,'Native PMKS'!$C$6:$C$366,'Native PMKS'!$D$6:$D$366,,-1) -> -16.7304 | H16: =_xlfn.XLOOKUP(D16,'Native PMKS'!$C$6:$C$366,'Native PMKS'!$D$6:$D$366,,1) -> -17.1887 | I16: =IF(E16=F16,G16,_xlfn.FORECAST.LINEAR(D16,G16:H16,E16:F16)) -> -17.104408 | J16: =INDEX('Raw Data'!$F$6:$F$2882,MATCH(A16,'Raw Data'!$A$6:$A$2882,0)) -> -0.34 | K16: =J16 -> -0.34 | L16: =I16*PI()/180 -> -0.29852824 | M16: =K16-L16 -> -0.04147176 | N16: =M16^2 -> 0.0017199068 | O16: =_xlfn.XLOOKUP(D16,'Instructor 360'!$B$6:$B$365,'Instructor 360'!$B$6:$B$365,,-1) -> 275.76602 | P16: =_xlfn.XLOOKUP(D16,'Instructor 360'!$B$6:$B$365,'Instructor 360'!$B$6:$B$365,,1) -> 284.12256 | Q16: =_xlfn.XLOOKUP(D16,'Instructor 360'!$B$6:$B$365,'Instructor 360'!$F$6:$F$365,,-1) -> -16.772528 | R16: =_xlfn.XLOOKUP(D16,'Instructor 360'!$B$6:$B$365,'Instructor 360'!$F$6:$F$365,,1) -> -17.226687 | S16: =IF(O16=P16,Q16,_xlfn.FORECAST.LINEAR(D16,Q16:R16,O16:P16)) -> -17.100496 | T16: =S16*PI()/180 -> -0.29845996 | U16: =K16-T16 -> -0.041540038 | W16: =U16^2 -> 0.0017255747 | AA16: =C16 -> 200 | AB16: =K16 -> -0.34 | AC16: =T16 -> -0.29845996
A17: =A16+1 -> 1388 | B17: =INDEX('Raw Data'!$B$6:$B$2882,MATCH(A17,'Raw Data'!$A$6:$A$2882,0)) -> 48000 | C17: =B17-$B$6 -> 220 | D17: =MOD(C17+Summary!$B$20,Summary!$B$11) -> 301.80064 | E17: =_xlfn.XLOOKUP(D17,'Native PMKS'!$C$6:$C$366,'Native PMKS'!$C$6:$C$366,,-1) -> 300 | F17: =_xlfn.XLOOKUP(D17,'Native PMKS'!$C$6:$C$366,'Native PMKS'!$C$6:$C$366,,1) -> 308.33333 | G17: =_xlfn.XLOOKUP(D17,'Native PMKS'!$C$6:$C$366,'Native PMKS'!$D$6:$D$366,,-1) -> -18.0482 | H17: =_xlfn.XLOOKUP(D17,'Native PMKS'!$C$6:$C$366,'Native PMKS'!$D$6:$D$366,,1) -> -18.4492 | I17: =IF(E17=F17,G17,_xlfn.FORECAST.LINEAR(D17,G17:H17,E17:F17)) -> -18.134847 | J17: =INDEX('Raw Data'!$F$6:$F$2882,MATCH(A17,'Raw Data'!$A$6:$A$2882,0)) -> -0.36 | K17: =J17 -> -0.36 | L17: =I17*PI()/180 -> -0.31651279 | M17: =K17-L17 -> -0.04348721 | N17: =M17^2 -> 0.0018911375 | O17: =_xlfn.XLOOKUP(D17,'Instructor 360'!$B$6:$B$365,'Instructor 360'!$B$6:$B$365,,-1) -> 300.83565 | P17: =_xlfn.XLOOKUP(D17,'Instructor 360'!$B$6:$B$365,'Instructor 360'!$B$6:$B$365,,1) -> 309.1922 | Q17: =_xlfn.XLOOKUP(D17,'Instructor 360'!$B$6:$B$365,'Instructor 360'!$F$6:$F$365,,-1) -> -18.088412 | R17: =_xlfn.XLOOKUP(D17,'Instructor 360'!$B$6:$B$365,'Instructor 360'!$F$6:$F$365,,1) -> -18.490539 | S17: =IF(O17=P17,Q17,_xlfn.FORECAST.LINEAR(D17,Q17:R17,O17:P17)) -> -18.134848 | T17: =S17*PI()/180 -> -0.31651281 | U17: =K17-T17 -> -0.04348719 | W17: =U17^2 -> 0.0018911357 | AA17: =C17 -> 220 | AB17: =K17 -> -0.36 | AC17: =T17 -> -0.31651281
A18: =A17+1 -> 1389 | B18: =INDEX('Raw Data'!$B$6:$B$2882,MATCH(A18,'Raw Data'!$A$6:$A$2882,0)) -> 48020 | C18: =B18-$B$6 -> 240 | D18: =MOD(C18+Summary!$B$20,Summary!$B$11) -> 321.80064 | E18: =_xlfn.XLOOKUP(D18,'Native PMKS'!$C$6:$C$366,'Native PMKS'!$C$6:$C$366,,-1) -> 316.66667 | F18: =_xlfn.XLOOKUP(D18,'Native PMKS'!$C$6:$C$366,'Native PMKS'!$C$6:$C$366,,1) -> 325 | G18: =_xlfn.XLOOKUP(D18,'Native PMKS'!$C$6:$C$366,'Native PMKS'!$D$6:$D$366,,-1) -> -18.8503 | H18: =_xlfn.XLOOKUP(D18,'Native PMKS'!$C$6:$C$366,'Native PMKS'!$D$6:$D$366,,1) -> -19.2514 | I18: =IF(E18=F18,G18,_xlfn.FORECAST.LINEAR(D18,G18:H18,E18:F18)) -> -19.097409 | J18: =INDEX('Raw Data'!$F$6:$F$2882,MATCH(A18,'Raw Data'!$A$6:$A$2882,0)) -> -0.37 | K18: =J18 -> -0.37 | L18: =I18*PI()/180 -> -0.33331266 | M18: =K18-L18 -> -0.036687341 | N18: =M18^2 -> 0.001345961 | O18: =_xlfn.XLOOKUP(D18,'Instructor 360'!$B$6:$B$365,'Instructor 360'!$B$6:$B$365,,-1) -> 317.54875 | P18: =_xlfn.XLOOKUP(D18,'Instructor 360'!$B$6:$B$365,'Instructor 360'!$B$6:$B$365,,1) -> 325.90529 | Q18: =_xlfn.XLOOKUP(D18,'Instructor 360'!$B$6:$B$365,'Instructor 360'!$F$6:$F$365,,-1) -> -18.892756 | R18: =_xlfn.XLOOKUP(D18,'Instructor 360'!$B$6:$B$365,'Instructor 360'!$F$6:$F$365,,1) -> -19.294974 | S18: =IF(O18=P18,Q18,_xlfn.FORECAST.LINEAR(D18,Q18:R18,O18:P18)) -> -19.097409 | T18: =S18*PI()/180 -> -0.33331266 | U18: =K18-T18 -> -0.036687341 | W18: =U18^2 -> 0.001345961 | AA18: =C18 -> 240 | AB18: =K18 -> -0.37 | AC18: =T18 -> -0.33331266
... A152: =A151+1 -> 1523 | B152: =INDEX('Raw Data'!$B$6:$B$2882,MATCH(A152,'Raw Data'!$A$6:$A$2882,0)) -> 50704 | C152: =B152-$B$6 -> 2924 | D152: =MOD(C152+Summary!$B$20,Summary!$B$11) -> 5.8006444 | E152: =_xlfn.XLOOKUP(D152,'Native PMKS'!$C$6:$C$366,'Native PMKS'!$C$6:$C$366,,-1) -> 0 | F152: =_xlfn.XLOOKUP(D152,'Native PMKS'!$C$6:$C$366,'Native PMKS'!$C$6:$C$366,,1) -> 8.3333333 | G152: =_xlfn.XLOOKUP(D152,'Native PMKS'!$C$6:$C$366,'Native PMKS'!$D$6:$D$366,,-1) -> 0 | H152: =_xlfn.XLOOKUP(D152,'Native PMKS'!$C$6:$C$366,'Native PMKS'!$D$6:$D$366,,1) -> -0.573 | I152: =IF(E152=F152,G152,_xlfn.FORECAST.LINEAR(D152,G152:H152,E152:F152)) -> -0.39885231 | J152: =INDEX('Raw Data'!$F$6:$F$2882,MATCH(A152,'Raw Data'!$A$6:$A$2882,0)) -> -0.06 | K152: =J152 -> -0.06 | L152: =I152*PI()/180 -> -0.006961286 | M152: =K152-L152 -> -0.053038714 | N152: =M152^2 -> 0.0028131052 | O152: =_xlfn.XLOOKUP(D152,'Instructor 360'!$B$6:$B$365,'Instructor 360'!$B$6:$B$365,,-1) -> 0 | P152: =_xlfn.XLOOKUP(D152,'Instructor 360'!$B$6:$B$365,'Instructor 360'!$B$6:$B$365,,1) -> 8.356546 | Q152: =_xlfn.XLOOKUP(D152,'Instructor 360'!$B$6:$B$365,'Instructor 360'!$F$6:$F$365,,-1) -> 0 | R152: =_xlfn.XLOOKUP(D152,'Instructor 360'!$B$6:$B$365,'Instructor 360'!$F$6:$F$365,,1) -> -0.57443621 | S152: =IF(O152=P152,Q152,_xlfn.FORECAST.LINEAR(D152,Q152:R152,O152:P152)) -> -0.39874132 | T152: =S152*PI()/180 -> -0.0069593489 | U152: =K152-T152 -> -0.053040651 | W152: =U152^2 -> 0.0028133107 | AA152: =C152 -> 2924 | AB152: =K152 -> -0.06 | AC152: =T152 -> -0.0069593489

Sheet Comparison Charts
A1: Measured motion and PMKS prediction
